Date,Start (ET),Visitor/Neutral,PTS,Home/Neutral,PTS,,,Attend.,Notes
Tue Dec 22 2020,7:00p,Golden State Warriors,,Brooklyn Nets,,,,,
Tue Dec 22 2020,10:00p,Los Angeles Clippers,,Los Angeles Lakers,,,,,
Wed Dec 23 2020,7:00p,Charlotte Hornets,,Cleveland Cavaliers,,,,,
Wed Dec 23 2020,7:00p,Washington Wizards,,Philadelphia 76ers,,,,,
Wed Dec 23 2020,7:00p,New York Knicks,,Indiana Pacers,,,,,
Wed Dec 23 2020,7:00p,Miami Heat,,Orlando Magic,,,,,
Wed Dec 23 2020,7:30p,Milwaukee Bucks,,Boston Celtics,,,,,
Wed Dec 23 2020,7:30p,New Orleans Pelicans,,Toronto Raptors,,,,,
Wed Dec 23 2020,8:00p,Atlanta Hawks,,Chicago Bulls,,,,,
Wed Dec 23 2020,8:00p,Detroit Pistons,,Minnesota Timberwolves,,,,,
Wed Dec 23 2020,8:00p,San Antonio Spurs,,Memphis Grizzlies,,,,,
Wed Dec 23 2020,8:00p,Oklahoma City Thunder,,Houston Rockets,,,,,
Wed Dec 23 2020,9:00p,Sacramento Kings,,Denver Nuggets,,,,,
Wed Dec 23 2020,10:00p,Utah Jazz,,Portland Trail Blazers,,,,,
Wed Dec 23 2020,10:30p,Dallas Mavericks,,Phoenix Suns,,,,,
Fri Dec 25 2020,12:00p,New Orleans Pelicans,,Miami Heat,,,,,
Fri Dec 25 2020,2:30p,Golden State Warriors,,Milwaukee Bucks,,,,,
Fri Dec 25 2020,5:00p,Brooklyn Nets,,Boston Celtics,,,,,
Fri Dec 25 2020,8:00p,Dallas Mavericks,,Los Angeles Lakers,,,,,
Fri Dec 25 2020,10:30p,Los Angeles Clippers,,Denver Nuggets,,,,,
Sat Dec 26 2020,5:00p,Atlanta Hawks,,Memphis Grizzlies,,,,,
Sat Dec 26 2020,7:00p,Oklahoma City Thunder,,Charlotte Hornets,,,,,
Sat Dec 26 2020,7:00p,Cleveland Cavaliers,,Detroit Pistons,,,,,
Sat Dec 26 2020,7:00p,Orlando Magic,,Washington Wizards,,,,,
Sat Dec 26 2020,7:30p,Philadelphia 76ers,,New York Knicks,,,,,
Sat Dec 26 2020,8:00p,Indiana Pacers,,Chicago Bulls,,,,,
Sat Dec 26 2020,8:30p,Toronto Raptors,,San Antonio Spurs,,,,,
Sat Dec 26 2020,9:00p,Minnesota Timberwolves,,Utah Jazz,,,,,
Sat Dec 26 2020,10:00p,Houston Rockets,,Portland Trail Blazers,,,,,
Sat Dec 26 2020,10:00p,Phoenix Suns,,Sacramento Kings,,,,,
Sun Dec 27 2020,3:30p,Dallas Mavericks,,Los Angeles Clippers,,,,,
Sun Dec 27 2020,7:00p,San Antonio Spurs,,New Orleans Pelicans,,,,,
Sun Dec 27 2020,7:00p,Orlando Magic,,Washington Wizards,,,,,
Sun Dec 27 2020,7:00p,Brooklyn Nets,,Charlotte Hornets,,,,,
Sun Dec 27 2020,7:30p,Philadelphia 76ers,,Cleveland Cavaliers,,,,,
Sun Dec 27 2020,7:30p,Milwaukee Bucks,,New York Knicks,,,,,
Sun Dec 27 2020,8:00p,Boston Celtics,,Indiana Pacers,,,,,
Sun Dec 27 2020,8:00p,Golden State Warriors,,Chicago Bulls,,,,,
Sun Dec 27 2020,9:00p,Phoenix Suns,,Sacramento Kings,,,,,
Sun Dec 27 2020,10:00p,Minnesota Timberwolves,,Los Angeles Lakers,,,,,
Mon Dec 28 2020,7:30p,Memphis Grizzlies,,Brooklyn Nets,,,,,
Mon Dec 28 2020,7:30p,Detroit Pistons,,Atlanta Hawks,,,,,
Mon Dec 28 2020,8:00p,Utah Jazz,,Oklahoma City Thunder,,,,,
Mon Dec 28 2020,9:00p,Houston Rockets,,Denver Nuggets,,,,,
Mon Dec 28 2020,10:00p,Portland Trail Blazers,,Los Angeles Lakers,,,,,
Tue Dec 29 2020,7:00p,New York Knicks,,Cleveland Cavaliers,,,,,
Tue Dec 29 2020,7:00p,Golden State Warriors,,Detroit Pistons,,,,,
Tue Dec 29 2020,7:00p,Boston Celtics,,Indiana Pacers,,,,,
Tue Dec 29 2020,7:00p,Chicago Bulls,,Washington Wizards,,,,,
Tue Dec 29 2020,7:00p,Toronto Raptors,,Philadelphia 76ers,,,,,
Tue Dec 29 2020,7:30p,Milwaukee Bucks,,Miami Heat,,,,,
Tue Dec 29 2020,8:00p,Orlando Magic,,Oklahoma City Thunder,,,,,
Tue Dec 29 2020,10:00p,New Orleans Pelicans,,Phoenix Suns,,,,,
Tue Dec 29 2020,10:00p,Denver Nuggets,,Sacramento Kings,,,,,
Tue Dec 29 2020,10:00p,Minnesota Timberwolves,,Los Angeles Clippers,,,,,
Wed Dec 30 2020,7:30p,Milwaukee Bucks,,Miami Heat,,,,,
Wed Dec 30 2020,7:30p,Atlanta Hawks,,Brooklyn Nets,,,,,
Wed Dec 30 2020,7:30p,Memphis Grizzlies,,Boston Celtics,,,,,
Wed Dec 30 2020,8:30p,Charlotte Hornets,,Dallas Mavericks,,,,,
Wed Dec 30 2020,8:30p,Los Angeles Lakers,,San Antonio Spurs,,,,,
Wed Dec 30 2020,10:00p,Portland Trail Blazers,,Los Angeles Clippers,,,,,
Thu Dec 31 2020,3:00p,Cleveland Cavaliers,,Indiana Pacers,,,,,
Thu Dec 31 2020,5:00p,Chicago Bulls,,Washington Wizards,,,,,
Thu Dec 31 2020,6:30p,Philadelphia 76ers,,Orlando Magic,,,,,
Thu Dec 31 2020,7:00p,Sacramento Kings,,Houston Rockets,,,,,
Thu Dec 31 2020,7:30p,New York Knicks,,Toronto Raptors,,,,,
Thu Dec 31 2020,8:00p,New Orleans Pelicans,,Oklahoma City Thunder,,,,,
Thu Dec 31 2020,9:00p,Phoenix Suns,,Utah Jazz,,,,,
Fri Jan 1 2021,7:00p,Memphis Grizzlies,,Charlotte Hornets,,,,,
Fri Jan 1 2021,7:00p,Miami Heat,,Dallas Mavericks,,,,,
Fri Jan 1 2021,7:00p,Boston Celtics,,Detroit Pistons,,,,,
Fri Jan 1 2021,7:30p,Atlanta Hawks,,Brooklyn Nets,,,,,
Fri Jan 1 2021,8:00p,Chicago Bulls,,Milwaukee Bucks,,,,,
Fri Jan 1 2021,8:00p,Washington Wizards,,Minnesota Timberwolves,,,,,
Fri Jan 1 2021,8:00p,Los Angeles Lakers,,San Antonio Spurs,,,,,
Fri Jan 1 2021,9:00p,Phoenix Suns,,Denver Nuggets,,,,,
Fri Jan 1 2021,9:00p,Los Angeles Clippers,,Utah Jazz,,,,,
Fri Jan 1 2021,10:30p,Portland Trail Blazers,,Golden State Warriors,,,,,
Sat Jan 2 2021,5:00p,Sacramento Kings,,Houston Rockets,,,,,
Sat Jan 2 2021,7:00p,New York Knicks,,Indiana Pacers,,,,,
Sat Jan 2 2021,7:00p,Oklahoma City Thunder,,Orlando Magic,,,,,
Sat Jan 2 2021,7:00p,Charlotte Hornets,,Philadelphia 76ers,,,,,
Sat Jan 2 2021,7:30p,Cleveland Cavaliers,,Atlanta Hawks,,,,,
Sat Jan 2 2021,7:30p,Toronto Raptors,,New Orleans Pelicans,,,,,
Sun Jan 3 2021,3:00p,Boston Celtics,,Detroit Pistons,,,,,
Sun Jan 3 2021,6:00p,Washington Wizards,,Brooklyn Nets,,,,,
Sun Jan 3 2021,6:00p,Los Angeles Lakers,,Memphis Grizzlies,,,,,
Sun Jan 3 2021,7:00p,Denver Nuggets,,Minnesota Timberwolves,,,,,
Sun Jan 3 2021,7:00p,Utah Jazz,,San Antonio Spurs,,,,,
Sun Jan 3 2021,8:00p,Dallas Mavericks,,Chicago Bulls,,,,,
Sun Jan 3 2021,8:00p,Los Angeles Clippers,,Phoenix Suns,,,,,
Sun Jan 3 2021,8:30p,Portland Trail Blazers,,Golden State Warriors,,,,,
Mon Jan 4 2021,7:00p,Cleveland Cavaliers,,Orlando Magic,,,,,
Mon Jan 4 2021,7:00p,Charlotte Hornets,,Philadelphia 76ers,,,,,
Mon Jan 4 2021,7:30p,New York Knicks,,Atlanta Hawks,,,,,
Mon Jan 4 2021,7:30p,Oklahoma City Thunder,,Miami Heat,,,,,
Mon Jan 4 2021,7:30p,Boston Celtics,,Toronto Raptors,,,,,
Mon Jan 4 2021,8:00p,Dallas Mavericks,,Houston Rockets,,,,,
Mon Jan 4 2021,8:00p,Detroit Pistons,,Milwaukee Bucks,,,,,
Mon Jan 4 2021,8:00p,Indiana Pacers,,New Orleans Pelicans,,,,,
Mon Jan 4 2021,10:00p,Sacramento Kings,,Golden State Warriors,,,,,
Tue Jan 5 2021,7:30p,Utah Jazz,,Brooklyn Nets,,,,,
Tue Jan 5 2021,8:00p,Los Angeles Lakers,,Memphis Grizzlies,,,,,
Tue Jan 5 2021,9:00p,Minnesota Timberwolves,,Denver Nuggets,,,,,
Tue Jan 5 2021,10:00p,San Antonio Spurs,,Los Angeles Clippers,,,,,
Tue Jan 5 2021,10:30p,Chicago Bulls,,Portland Trail Blazers,,,,,
Wed Jan 6 2021,7:00p,Houston Rockets,,Indiana Pacers,,,,,
Wed Jan 6 2021,7:00p,Cleveland Cavaliers,,Orlando Magic,,,,,
Wed Jan 6 2021,7:00p,Washington Wizards,,Philadelphia 76ers,,,,,
Wed Jan 6 2021,7:30p,Charlotte Hornets,,Atlanta Hawks,,,,,
Wed Jan 6 2021,7:30p,Boston Celtics,,Miami Heat,,,,,
Wed Jan 6 2021,7:30p,Utah Jazz,,New York Knicks,,,,,
Wed Jan 6 2021,8:00p,Detroit Pistons,,Milwaukee Bucks,,,,,
Wed Jan 6 2021,8:00p,Oklahoma City Thunder,,New Orleans Pelicans,,,,,
Wed Jan 6 2021,9:00p,Toronto Raptors,,Phoenix Suns,,,,,
Wed Jan 6 2021,10:00p,Los Angeles Clippers,,Golden State Warriors,,,,,
Wed Jan 6 2021,10:00p,Chicago Bulls,,Sacramento Kings,,,,,
Thu Jan 7 2021,7:30p,Philadelphia 76ers,,Brooklyn Nets,,,,,
Thu Jan 7 2021,8:00p,Cleveland Cavaliers,,Memphis Grizzlies,,,,,
Thu Jan 7 2021,10:00p,Dallas Mavericks,,Denver Nuggets,,,,,
Thu Jan 7 2021,10:00p,San Antonio Spurs,,Los Angeles Lakers,,,,,
Thu Jan 7 2021,10:00p,Minnesota Timberwolves,,Portland Trail Blazers,,,,,
Fri Jan 8 2021,7:00p,Phoenix Suns,,Detroit Pistons,,,,,
Fri Jan 8 2021,7:30p,Washington Wizards,,Boston Celtics,,,,,
Fri Jan 8 2021,7:30p,Charlotte Hornets,,New Orleans Pelicans,,,,,
Fri Jan 8 2021,7:30p,Oklahoma City Thunder,,New York Knicks,,,,,
Fri Jan 8 2021,8:00p,Orlando Magic,,Houston Rockets,,,,,
Fri Jan 8 2021,8:00p,Brooklyn Nets,,Memphis Grizzlies,,,,,
Fri Jan 8 2021,8:00p,Utah Jazz,,Milwaukee Bucks,,,,,
Fri Jan 8 2021,10:00p,Los Angeles Clippers,,Golden State Warriors,,,,,
Fri Jan 8 2021,10:00p,Chicago Bulls,,Los Angeles Lakers,,,,,
Fri Jan 8 2021,10:00p,Toronto Raptors,,Sacramento Kings,,,,,
Sat Jan 9 2021,3:00p,Denver Nuggets,,Philadelphia 76ers,,,,,
Sat Jan 9 2021,7:00p,Atlanta Hawks,,Charlotte Hornets,,,,,
Sat Jan 9 2021,7:00p,Phoenix Suns,,Indiana Pacers,,,,,
Sat Jan 9 2021,7:00p,Miami Heat,,Washington Wizards,,,,,
Sat Jan 9 2021,8:00p,Cleveland Cavaliers,,Milwaukee Bucks,,,,,
Sat Jan 9 2021,8:00p,San Antonio Spurs,,Minnesota Timberwolves,,,,,
Sat Jan 9 2021,8:30p,Orlando Magic,,Dallas Mavericks,,,,,
Sat Jan 9 2021,10:00p,Portland Trail Blazers,,Sacramento Kings,,,,,
Sun Jan 10 2021,3:00p,Utah Jazz,,Detroit Pistons,,,,,
Sun Jan 10 2021,4:00p,Chicago Bulls,,Los Angeles Clippers,,,,,
Sun Jan 10 2021,6:00p,Oklahoma City Thunder,,Brooklyn Nets,,,,,
Sun Jan 10 2021,6:00p,Denver Nuggets,,New York Knicks,,,,,
Sun Jan 10 2021,7:00p,Miami Heat,,Boston Celtics,,,,,
Sun Jan 10 2021,7:00p,Los Angeles Lakers,,Houston Rockets,,,,,
Sun Jan 10 2021,8:00p,San Antonio Spurs,,Minnesota Timberwolves,,,,,
Sun Jan 10 2021,8:30p,Toronto Raptors,,Golden State Warriors,,,,,
Mon Jan 11 2021,7:00p,New York Knicks,,Charlotte Hornets,,,,,
Mon Jan 11 2021,7:00p,Memphis Grizzlies,,Cleveland Cavaliers,,,,,
Mon Jan 11 2021,7:00p,Milwaukee Bucks,,Orlando Magic,,,,,
Mon Jan 11 2021,7:00p,Phoenix Suns,,Washington Wizards,,,,,
Mon Jan 11 2021,7:30p,Philadelphia 76ers,,Atlanta Hawks,,,,,
Mon Jan 11 2021,8:30p,New Orleans Pelicans,,Dallas Mavericks,,,,,
Mon Jan 11 2021,10:00p,Toronto Raptors,,Portland Trail Blazers,,,,,
Mon Jan 11 2021,10:00p,Indiana Pacers,,Sacramento Kings,,,,,
Tue Jan 12 2021,7:00p,Miami Heat,,Philadelphia 76ers,,,,,
Tue Jan 12 2021,7:30p,Denver Nuggets,,Brooklyn Nets,,,,,
Tue Jan 12 2021,7:30p,Utah Jazz,,Cleveland Cavaliers,,,,,
Tue Jan 12 2021,8:00p,Boston Celtics,,Chicago Bulls,,,,,
Tue Jan 12 2021,8:00p,Los Angeles Lakers,,Houston Rockets,,,,,
Tue Jan 12 2021,8:00p,San Antonio Spurs,,Oklahoma City Thunder,,,,,
Tue Jan 12 2021,10:30p,Indiana Pacers,,Golden State Warriors,,,,,
Wed Jan 13 2021,7:00p,Dallas Mavericks,,Charlotte Hornets,,,,,
Wed Jan 13 2021,7:00p,Milwaukee Bucks,,Detroit Pistons,,,,,
Wed Jan 13 2021,7:00p,Utah Jazz,,Washington Wizards,,,,,
Wed Jan 13 2021,7:30p,Orlando Magic,,Boston Celtics,,,,,
Wed Jan 13 2021,7:30p,Brooklyn Nets,,New York Knicks,,,,,
Wed Jan 13 2021,8:00p,Memphis Grizzlies,,Minnesota Timberwolves,,,,,
Wed Jan 13 2021,8:00p,Los Angeles Lakers,,Oklahoma City Thunder,,,,,
Wed Jan 13 2021,9:00p,Atlanta Hawks,,Phoenix Suns,,,,,
Wed Jan 13 2021,10:00p,New Orleans Pelicans,,Los Angeles Clippers,,,,,
Wed Jan 13 2021,10:00p,Portland Trail Blazers,,Sacramento Kings,,,,,
Thu Jan 14 2021,7:30p,Miami Heat,,Philadelphia 76ers,,,,,
Thu Jan 14 2021,7:30p,Charlotte Hornets,,Toronto Raptors,,,,,
Thu Jan 14 2021,8:30p,Houston Rockets,,San Antonio Spurs,,,,,
Thu Jan 14 2021,10:00p,Golden State Warriors,,Denver Nuggets,,,,,
Thu Jan 14 2021,10:00p,Indiana Pacers,,Portland Trail Blazers,,,,,
Fri Jan 15 2021,7:00p,Washington Wizards,,Detroit Pistons,,,,,
Fri Jan 15 2021,7:30p,Orlando Magic,,Boston Celtics,,,,,
Fri Jan 15 2021,7:30p,New York Knicks,,Cleveland Cavaliers,,,,,
Fri Jan 15 2021,7:30p,Dallas Mavericks,,Milwaukee Bucks,,,,,
Fri Jan 15 2021,8:00p,Memphis Grizzlies,,Minnesota Timberwolves,,,,,
Fri Jan 15 2021,8:00p,Chicago Bulls,,Oklahoma City Thunder,,,,,
Fri Jan 15 2021,9:00p,Golden State Warriors,,Phoenix Suns,,,,,
Fri Jan 15 2021,9:00p,Atlanta Hawks,,Utah Jazz,,,,,
Fri Jan 15 2021,10:00p,New Orleans Pelicans,,Los Angeles Lakers,,,,,
Fri Jan 15 2021,10:00p,Los Angeles Clippers,,Sacramento Kings,,,,,
Sat Jan 16 2021,5:00p,Houston Rockets,,San Antonio Spurs,,,,,
Sat Jan 16 2021,6:00p,Orlando Magic,,Brooklyn Nets,,,,,
Sat Jan 16 2021,7:30p,Charlotte Hornets,,Toronto Raptors,,,,,
Sat Jan 16 2021,8:00p,Philadelphia 76ers,,Memphis Grizzlies,,,,,
Sat Jan 16 2021,8:00p,Detroit Pistons,,Miami Heat,,,,,
Sat Jan 16 2021,9:00p,Indiana Pacers,,Phoenix Suns,,,,,
Sat Jan 16 2021,10:00p,Atlanta Hawks,,Portland Trail Blazers,,,,,
Sun Jan 17 2021,1:00p,New York Knicks,,Boston Celtics,,,,,
Sun Jan 17 2021,2:00p,Cleveland Cavaliers,,Washington Wizards,,,,,
Sun Jan 17 2021,3:00p,Chicago Bulls,,Dallas Mavericks,,,,,
Sun Jan 17 2021,7:00p,Philadelphia 76ers,,Oklahoma City Thunder,,,,,
Sun Jan 17 2021,8:00p,Utah Jazz,,Denver Nuggets,,,,,
Sun Jan 17 2021,9:00p,New Orleans Pelicans,,Sacramento Kings,,,,,
Sun Jan 17 2021,10:00p,Indiana Pacers,,Los Angeles Clippers,,,,,
Mon Jan 18 2021,12:00p,Orlando Magic,,New York Knicks,,,,,
Mon Jan 18 2021,2:00p,Cleveland Cavaliers,,Washington Wizards,,,,,
Mon Jan 18 2021,2:30p,Minnesota Timberwolves,,Atlanta Hawks,,,,,
Mon Jan 18 2021,3:00p,Detroit Pistons,,Miami Heat,,,,,
Mon Jan 18 2021,3:00p,San Antonio Spurs,,Portland Trail Blazers,,,,,
Mon Jan 18 2021,5:00p,Phoenix Suns,,Memphis Grizzlies,,,,,
Mon Jan 18 2021,7:30p,Milwaukee Bucks,,Brooklyn Nets,,,,,
Mon Jan 18 2021,7:30p,Dallas Mavericks,,Toronto Raptors,,,,,
Mon Jan 18 2021,8:00p,Houston Rockets,,Chicago Bulls,,,,,
Mon Jan 18 2021,10:00p,Golden State Warriors,,Los Angeles Lakers,,,,,
Tue Jan 19 2021,9:00p,Oklahoma City Thunder,,Denver Nuggets,,,,,
Tue Jan 19 2021,9:00p,New Orleans Pelicans,,Utah Jazz,,,,,
Wed Jan 20 2021,7:00p,Washington Wizards,,Charlotte Hornets,,,,,
Wed Jan 20 2021,7:00p,Brooklyn Nets,,Cleveland Cavaliers,,,,,
Wed Jan 20 2021,7:00p,Dallas Mavericks,,Indiana Pacers,,,,,
Wed Jan 20 2021,7:00p,Boston Celtics,,Philadelphia 76ers,,,,,
Wed Jan 20 2021,7:30p,Detroit Pistons,,Atlanta Hawks,,,,,
Wed Jan 20 2021,7:30p,Miami Heat,,Toronto Raptors,,,,,
Wed Jan 20 2021,8:00p,Orlando Magic,,Minnesota Timberwolves,,,,,
Wed Jan 20 2021,9:30p,Phoenix Suns,,Houston Rockets,,,,,
Wed Jan 20 2021,10:00p,San Antonio Spurs,,Golden State Warriors,,,,,
Wed Jan 20 2021,10:00p,Sacramento Kings,,Los Angeles Clippers,,,,,
Wed Jan 20 2021,10:00p,Memphis Grizzlies,,Portland Trail Blazers,,,,,
Thu Jan 21 2021,7:30p,Los Angeles Lakers,,Milwaukee Bucks,,,,,
Thu Jan 21 2021,10:00p,New York Knicks,,Golden State Warriors,,,,,
Thu Jan 21 2021,10:00p,New Orleans Pelicans,,Utah Jazz,,,,,
Fri Jan 22 2021,7:00p,Chicago Bulls,,Charlotte Hornets,,,,,
Fri Jan 22 2021,7:00p,Houston Rockets,,Detroit Pistons,,,,,
Fri Jan 22 2021,7:00p,Orlando Magic,,Indiana Pacers,,,,,
Fri Jan 22 2021,7:30p,Brooklyn Nets,,Cleveland Cavaliers,,,,,
Fri Jan 22 2021,7:30p,Boston Celtics,,Philadelphia 76ers,,,,,
Fri Jan 22 2021,7:30p,Miami Heat,,Toronto Raptors,,,,,
Fri Jan 22 2021,8:00p,Washington Wizards,,Milwaukee Bucks,,,,,
Fri Jan 22 2021,8:00p,Atlanta Hawks,,Minnesota Timberwolves,,,,,
Fri Jan 22 2021,8:30p,Dallas Mavericks,,San Antonio Spurs,,,,,
Fri Jan 22 2021,10:00p,Oklahoma City Thunder,,Los Angeles Clippers,,,,,
Fri Jan 22 2021,10:00p,Denver Nuggets,,Phoenix Suns,,,,,
Fri Jan 22 2021,10:00p,Memphis Grizzlies,,Portland Trail Blazers,,,,,
Fri Jan 22 2021,10:00p,New York Knicks,,Sacramento Kings,,,,,
Sat Jan 23 2021,5:00p,Golden State Warriors,,Utah Jazz,,,,,
Sat Jan 23 2021,7:00p,Philadelphia 76ers,,Detroit Pistons,,,,,
Sat Jan 23 2021,7:30p,Miami Heat,,Brooklyn Nets,,,,,
Sat Jan 23 2021,8:00p,Los Angeles Lakers,,Chicago Bulls,,,,,
Sat Jan 23 2021,8:00p,New Orleans Pelicans,,Minnesota Timberwolves,,,,,
Sat Jan 23 2021,8:30p,Houston Rockets,,Dallas Mavericks,,,,,
Sat Jan 23 2021,9:00p,Denver Nuggets,,Phoenix Suns,,,,,
Sun Jan 24 2021,3:30p,Toronto Raptors,,Indiana Pacers,,,,,
Sun Jan 24 2021,4:00p,Cleveland Cavaliers,,Boston Celtics,,,,,
Sun Jan 24 2021,4:00p,Oklahoma City Thunder,,Los Angeles Clippers,,,,,
Sun Jan 24 2021,6:00p,Charlotte Hornets,,Orlando Magic,,,,,
Sun Jan 24 2021,7:00p,Washington Wizards,,San Antonio Spurs,,,,,
Sun Jan 24 2021,7:30p,Atlanta Hawks,,Milwaukee Bucks,,,,,
Sun Jan 24 2021,8:00p,Sacramento Kings,,Memphis Grizzlies,,,,,
Sun Jan 24 2021,9:00p,New York Knicks,,Portland Trail Blazers,,,,,
Mon Jan 25 2021,7:00p,Philadelphia 76ers,,Detroit Pistons,,,,,
Mon Jan 25 2021,7:00p,Toronto Raptors,,Indiana Pacers,,,,,
Mon Jan 25 2021,7:00p,Charlotte Hornets,,Orlando Magic,,,,,
Mon Jan 25 2021,7:30p,Miami Heat,,Brooklyn Nets,,,,,
Mon Jan 25 2021,7:30p,Los Angeles Lakers,,Cleveland Cavaliers,,,,,
Mon Jan 25 2021,8:00p,Boston Celtics,,Chicago Bulls,,,,,
Mon Jan 25 2021,8:00p,Sacramento Kings,,Memphis Grizzlies,,,,,
Mon Jan 25 2021,8:00p,San Antonio Spurs,,New Orleans Pelicans,,,,,
Mon Jan 25 2021,8:30p,Denver Nuggets,,Dallas Mavericks,,,,,
Mon Jan 25 2021,10:00p,Minnesota Timberwolves,,Golden State Warriors,,,,,
Mon Jan 25 2021,10:00p,Oklahoma City Thunder,,Portland Trail Blazers,,,,,
Tue Jan 26 2021,7:30p,Los Angeles Clippers,,Atlanta Hawks,,,,,
Tue Jan 26 2021,8:00p,Washington Wizards,,Houston Rockets,,,,,
Tue Jan 26 2021,9:00p,New York Knicks,,Utah Jazz,,,,,
Wed Jan 27 2021,7:00p,Indiana Pacers,,Charlotte Hornets,,,,,
Wed Jan 27 2021,7:00p,Detroit Pistons,,Cleveland Cavaliers,,,,,
Wed Jan 27 2021,7:00p,Sacramento Kings,,Orlando Magic,,,,,
Wed Jan 27 2021,7:30p,Brooklyn Nets,,Atlanta Hawks,,,,,
Wed Jan 27 2021,7:30p,Denver Nuggets,,Miami Heat,,,,,
Wed Jan 27 2021,7:30p,Los Angeles Lakers,,Philadelphia 76ers,,,,,
Wed Jan 27 2021,7:30p,Milwaukee Bucks,,Toronto Raptors,,,,,
Wed Jan 27 2021,8:00p,Chicago Bulls,,Memphis Grizzlies,,,,,
Wed Jan 27 2021,8:00p,Washington Wizards,,New Orleans Pelicans,,,,,
Wed Jan 27 2021,8:30p,Boston Celtics,,San Antonio Spurs,,,,,
Wed Jan 27 2021,9:00p,Oklahoma City Thunder,,Phoenix Suns,,,,,
Wed Jan 27 2021,9:00p,Dallas Mavericks,,Utah Jazz,,,,,
Wed Jan 27 2021,10:00p,Minnesota Timberwolves,,Golden State Warriors,,,,,
Thu Jan 28 2021,7:00p,Los Angeles Lakers,,Detroit Pistons,,,,,
Thu Jan 28 2021,7:00p,Los Angeles Clippers,,Miami Heat,,,,,
Thu Jan 28 2021,9:00p,Golden State Warriors,,Phoenix Suns,,,,,
Thu Jan 28 2021,9:30p,Portland Trail Blazers,,Houston Rockets,,,,,
Fri Jan 29 2021,7:00p,Indiana Pacers,,Charlotte Hornets,,,,,
Fri Jan 29 2021,7:00p,Los Angeles Clippers,,Orlando Magic,,,,,
Fri Jan 29 2021,7:00p,Atlanta Hawks,,Washington Wizards,,,,,
Fri Jan 29 2021,7:30p,Milwaukee Bucks,,New Orleans Pelicans,,,,,
Fri Jan 29 2021,7:30p,Cleveland Cavaliers,,New York Knicks,,,,,
Fri Jan 29 2021,7:30p,Sacramento Kings,,Toronto Raptors,,,,,
Fri Jan 29 2021,8:00p,Philadelphia 76ers,,Minnesota Timberwolves,,,,,
Fri Jan 29 2021,8:00p,Brooklyn Nets,,Oklahoma City Thunder,,,,,
Fri Jan 29 2021,8:30p,Denver Nuggets,,San Antonio Spurs,,,,,
Fri Jan 29 2021,10:00p,Dallas Mavericks,,Utah Jazz,,,,,
Sat Jan 30 2021,5:00p,Portland Trail Blazers,,Chicago Bulls,,,,,
Sat Jan 30 2021,7:00p,Milwaukee Bucks,,Charlotte Hornets,,,,,
Sat Jan 30 2021,7:00p,Houston Rockets,,New Orleans Pelicans,,,,,
Sat Jan 30 2021,8:00p,Sacramento Kings,,Miami Heat,,,,,
Sat Jan 30 2021,8:30p,Los Angeles Lakers,,Boston Celtics,,,,,
Sat Jan 30 2021,8:30p,Phoenix Suns,,Dallas Mavericks,,,,,
Sat Jan 30 2021,8:30p,Detroit Pistons,,Golden State Warriors,,,,,
Sat Jan 30 2021,8:30p,Memphis Grizzlies,,San Antonio Spurs,,,,,
Sun Jan 31 2021,3:30p,Utah Jazz,,Denver Nuggets,,,,,
Sun Jan 31 2021,5:00p,Philadelphia 76ers,,Indiana Pacers,,,,,
Sun Jan 31 2021,5:00p,Los Angeles Clippers,,New York Knicks,,,,,
Sun Jan 31 2021,6:00p,Orlando Magic,,Toronto Raptors,,,,,
Sun Jan 31 2021,7:00p,Brooklyn Nets,,Washington Wizards,,,,,
Sun Jan 31 2021,7:30p,Cleveland Cavaliers,,Minnesota Timberwolves,,,,,
Mon Feb 1 2021,7:00p,Minnesota Timberwolves,,Cleveland Cavaliers,,,,,
Mon Feb 1 2021,7:30p,Los Angeles Lakers,,Atlanta Hawks,,,,,
Mon Feb 1 2021,7:30p,Charlotte Hornets,,Miami Heat,,,,,
Mon Feb 1 2021,8:00p,New York Knicks,,Chicago Bulls,,,,,
Mon Feb 1 2021,8:00p,Portland Trail Blazers,,Milwaukee Bucks,,,,,
Mon Feb 1 2021,8:00p,Sacramento Kings,,New Orleans Pelicans,,,,,
Mon Feb 1 2021,8:00p,Houston Rockets,,Oklahoma City Thunder,,,,,
Mon Feb 1 2021,8:30p,Phoenix Suns,,Dallas Mavericks,,,,,
Mon Feb 1 2021,8:30p,Memphis Grizzlies,,San Antonio Spurs,,,,,
Mon Feb 1 2021,9:00p,Detroit Pistons,,Denver Nuggets,,,,,
Tue Feb 2 2021,7:00p,Memphis Grizzlies,,Indiana Pacers,,,,,
Tue Feb 2 2021,7:00p,Toronto Raptors,,Orlando Magic,,,,,
Tue Feb 2 2021,7:30p,Los Angeles Clippers,,Brooklyn Nets,,,,,
Tue Feb 2 2021,9:00p,Detroit Pistons,,Utah Jazz,,,,,
Tue Feb 2 2021,10:00p,Boston Celtics,,Golden State Warriors,,,,,
Wed Feb 3 2021,7:00p,Philadelphia 76ers,,Charlotte Hornets,,,,,
Wed Feb 3 2021,7:00p,Los Angeles Clippers,,Cleveland Cavaliers,,,,,
Wed Feb 3 2021,7:00p,Indiana Pacers,,Milwaukee Bucks,,,,,
Wed Feb 3 2021,7:30p,Dallas Mavericks,,Atlanta Hawks,,,,,
Wed Feb 3 2021,7:30p,Washington Wizards,,Miami Heat,,,,,
Wed Feb 3 2021,8:00p,New York Knicks,,Chicago Bulls,,,,,
Wed Feb 3 2021,8:00p,Houston Rockets,,Oklahoma City Thunder,,,,,
Wed Feb 3 2021,8:30p,Minnesota Timberwolves,,San Antonio Spurs,,,,,
Wed Feb 3 2021,9:30p,Phoenix Suns,,New Orleans Pelicans,,,,,
Wed Feb 3 2021,10:00p,Boston Celtics,,Sacramento Kings,,,,,
Thu Feb 4 2021,7:00p,Portland Trail Blazers,,Philadelphia 76ers,,,,,
Thu Feb 4 2021,7:30p,Utah Jazz,,Atlanta Hawks,,,,,
Thu Feb 4 2021,7:30p,Golden State Warriors,,Dallas Mavericks,,,,,
Thu Feb 4 2021,8:00p,Houston Rockets,,Memphis Grizzlies,,,,,
Thu Feb 4 2021,10:00p,Denver Nuggets,,Los Angeles Lakers,,,,,
Fri Feb 5 2021,7:00p,Utah Jazz,,Charlotte Hornets,,,,,
Fri Feb 5 2021,7:00p,New Orleans Pelicans,,Indiana Pacers,,,,,
Fri Feb 5 2021,7:00p,Chicago Bulls,,Orlando Magic,,,,,
Fri Feb 5 2021,7:30p,Toronto Raptors,,Brooklyn Nets,,,,,
Fri Feb 5 2021,7:30p,Milwaukee Bucks,,Cleveland Cavaliers,,,,,
Fri Feb 5 2021,8:00p,Washington Wizards,,Miami Heat,,,,,
Fri Feb 5 2021,8:00p,Minnesota Timberwolves,,Oklahoma City Thunder,,,,,
Fri Feb 5 2021,9:00p,Detroit Pistons,,Phoenix Suns,,,,,
Fri Feb 5 2021,10:00p,Boston Celtics,,Los Angeles Clippers,,,,,
Sat Feb 6 2021,1:00p,Portland Trail Blazers,,New York Knicks,,,,,
Sat Feb 6 2021,5:00p,Denver Nuggets,,Sacramento Kings,,,,,
Sat Feb 6 2021,7:00p,Memphis Grizzlies,,New Orleans Pelicans,,,,,
Sat Feb 6 2021,7:00p,Chicago Bulls,,Orlando Magic,,,,,
Sat Feb 6 2021,7:00p,Brooklyn Nets,,Philadelphia 76ers,,,,,
Sat Feb 6 2021,7:30p,Toronto Raptors,,Atlanta Hawks,,,,,
Sat Feb 6 2021,8:00p,Milwaukee Bucks,,Cleveland Cavaliers,,,,,
Sat Feb 6 2021,8:00p,San Antonio Spurs,,Houston Rockets,,,,,
Sat Feb 6 2021,8:00p,Minnesota Timberwolves,,Oklahoma City Thunder,,,,,
Sat Feb 6 2021,8:30p,Golden State Warriors,,Dallas Mavericks,,,,,
Sat Feb 6 2021,10:00p,Detroit Pistons,,Los Angeles Lakers,,,,,
Sun Feb 7 2021,1:00p,Portland Trail Blazers,,Charlotte Hornets,,,,,
Sun Feb 7 2021,1:00p,Utah Jazz,,Indiana Pacers,,,,,
Sun Feb 7 2021,1:00p,Miami Heat,,New York Knicks,,,,,
Sun Feb 7 2021,2:00p,Boston Celtics,,Phoenix Suns,,,,,
Sun Feb 7 2021,3:00p,Sacramento Kings,,Los Angeles Clippers,,,,,
Mon Feb 8 2021,7:00p,Houston Rockets,,Charlotte Hornets,,,,,
Mon Feb 8 2021,8:00p,Washington Wizards,,Chicago Bulls,,,,,
Mon Feb 8 2021,8:00p,Toronto Raptors,,Memphis Grizzlies,,,,,
Mon Feb 8 2021,8:30p,Minnesota Timberwolves,,Dallas Mavericks,,,,,
Mon Feb 8 2021,8:30p,Golden State Warriors,,San Antonio Spurs,,,,,
Mon Feb 8 2021,9:00p,Cleveland Cavaliers,,Phoenix Suns,,,,,
Mon Feb 8 2021,9:30p,Milwaukee Bucks,,Denver Nuggets,,,,,
Mon Feb 8 2021,10:00p,Oklahoma City Thunder,,Los Angeles Lakers,,,,,
Tue Feb 9 2021,7:00p,Brooklyn Nets,,Detroit Pistons,,,,,
Tue Feb 9 2021,7:30p,New York Knicks,,Miami Heat,,,,,
Tue Feb 9 2021,7:30p,Houston Rockets,,New Orleans Pelicans,,,,,
Tue Feb 9 2021,8:30p,Golden State Warriors,,San Antonio Spurs,,,,,
Tue Feb 9 2021,10:00p,Orlando Magic,,Portland Trail Blazers,,,,,
Tue Feb 9 2021,10:00p,Philadelphia 76ers,,Sacramento Kings,,,,,
Tue Feb 9 2021,10:00p,Boston Celtics,,Utah Jazz,,,,,
Wed Feb 10 2021,7:00p,Toronto Raptors,,Washington Wizards,,,,,
Wed Feb 10 2021,7:30p,Indiana Pacers,,Brooklyn Nets,,,,,
Wed Feb 10 2021,7:30p,Atlanta Hawks,,Dallas Mavericks,,,,,
Wed Feb 10 2021,8:00p,New Orleans Pelicans,,Chicago Bulls,,,,,
Wed Feb 10 2021,8:00p,Charlotte Hornets,,Memphis Grizzlies,,,,,
Wed Feb 10 2021,8:00p,Los Angeles Clippers,,Minnesota Timberwolves,,,,,
Wed Feb 10 2021,9:00p,Cleveland Cavaliers,,Denver Nuggets,,,,,
Wed Feb 10 2021,10:00p,Oklahoma City Thunder,,Los Angeles Lakers,,,,,
Wed Feb 10 2021,10:00p,Milwaukee Bucks,,Phoenix Suns,,,,,
Thu Feb 11 2021,7:00p,Indiana Pacers,,Detroit Pistons,,,,,
Thu Feb 11 2021,7:30p,Miami Heat,,Houston Rockets,,,,,
Thu Feb 11 2021,10:00p,Orlando Magic,,Golden State Warriors,,,,,
Thu Feb 11 2021,10:00p,Philadelphia 76ers,,Portland Trail Blazers,,,,,
Fri Feb 12 2021,7:00p,Minnesota Timberwolves,,Charlotte Hornets,,,,,
Fri Feb 12 2021,7:00p,New York Knicks,,Washington Wizards,,,,,
Fri Feb 12 2021,7:30p,San Antonio Spurs,,Atlanta Hawks,,,,,
Fri Feb 12 2021,7:30p,Toronto Raptors,,Boston Celtics,,,,,
Fri Feb 12 2021,7:30p,New Orleans Pelicans,,Dallas Mavericks,,,,,
Fri Feb 12 2021,8:00p,Los Angeles Clippers,,Chicago Bulls,,,,,
Fri Feb 12 2021,9:00p,Oklahoma City Thunder,,Denver Nuggets,,,,,
Fri Feb 12 2021,9:00p,Milwaukee Bucks,,Utah Jazz,,,,,
Fri Feb 12 2021,10:00p,Memphis Grizzlies,,Los Angeles Lakers,,,,,
Fri Feb 12 2021,10:00p,Cleveland Cavaliers,,Portland Trail Blazers,,,,,
Fri Feb 12 2021,10:00p,Orlando Magic,,Sacramento Kings,,,,,
Sat Feb 13 2021,5:00p,Philadelphia 76ers,,Phoenix Suns,,,,,
Sat Feb 13 2021,7:30p,Indiana Pacers,,Atlanta Hawks,,,,,
Sat Feb 13 2021,7:30p,Houston Rockets,,New York Knicks,,,,,
Sat Feb 13 2021,8:30p,Brooklyn Nets,,Golden State Warriors,,,,,
Sat Feb 13 2021,9:00p,Miami Heat,,Utah Jazz,,,,,
Sun Feb 14 2021,3:30p,Portland Trail Blazers,,Dallas Mavericks,,,,,
Sun Feb 14 2021,6:00p,Detroit Pistons,,Boston Celtics,,,,,
Sun Feb 14 2021,6:00p,Minnesota Timberwolves,,Toronto Raptors,,,,,
Sun Feb 14 2021,7:00p,San Antonio Spurs,,Charlotte Hornets,,,,,
Sun Feb 14 2021,7:00p,Milwaukee Bucks,,Oklahoma City Thunder,,,,,
Sun Feb 14 2021,7:30p,Los Angeles Lakers,,Denver Nuggets,,,,,
Sun Feb 14 2021,8:00p,Orlando Magic,,Phoenix Suns,,,,,
Sun Feb 14 2021,9:00p,Memphis Grizzlies,,Sacramento Kings,,,,,
Sun Feb 14 2021,10:00p,Cleveland Cavaliers,,Los Angeles Clippers,,,,,
Mon Feb 15 2021,7:00p,Chicago Bulls,,Indiana Pacers,,,,,
Mon Feb 15 2021,7:00p,Houston Rockets,,Washington Wizards,,,,,
Mon Feb 15 2021,7:30p,Atlanta Hawks,,New York Knicks,,,,,
Mon Feb 15 2021,9:00p,Philadelphia 76ers,,Utah Jazz,,,,,
Mon Feb 15 2021,10:00p,Cleveland Cavaliers,,Golden State Warriors,,,,,
Mon Feb 15 2021,10:00p,Miami Heat,,Los Angeles Clippers,,,,,
Mon Feb 15 2021,10:00p,Brooklyn Nets,,Sacramento Kings,,,,,
Tue Feb 16 2021,7:00p,Denver Nuggets,,Boston Celtics,,,,,
Tue Feb 16 2021,7:00p,San Antonio Spurs,,Detroit Pistons,,,,,
Tue Feb 16 2021,7:30p,New Orleans Pelicans,,Memphis Grizzlies,,,,,
Tue Feb 16 2021,8:00p,Toronto Raptors,,Milwaukee Bucks,,,,,
Tue Feb 16 2021,8:00p,Los Angeles Lakers,,Minnesota Timberwolves,,,,,
Tue Feb 16 2021,8:00p,Portland Trail Blazers,,Oklahoma City Thunder,,,,,
Tue Feb 16 2021,10:00p,Brooklyn Nets,,Phoenix Suns,,,,,
Wed Feb 17 2021,7:00p,Chicago Bulls,,Charlotte Hornets,,,,,
Wed Feb 17 2021,7:00p,San Antonio Spurs,,Cleveland Cavaliers,,,,,
Wed Feb 17 2021,7:00p,New York Knicks,,Orlando Magic,,,,,
Wed Feb 17 2021,7:00p,Denver Nuggets,,Washington Wizards,,,,,
Wed Feb 17 2021,7:30p,Atlanta Hawks,,Boston Celtics,,,,,
Wed Feb 17 2021,7:30p,Houston Rockets,,Philadelphia 76ers,,,,,
Wed Feb 17 2021,8:00p,Indiana Pacers,,Minnesota Timberwolves,,,,,
Wed Feb 17 2021,8:00p,Portland Trail Blazers,,New Orleans Pelicans,,,,,
Wed Feb 17 2021,8:30p,Detroit Pistons,,Dallas Mavericks,,,,,
Wed Feb 17 2021,10:00p,Miami Heat,,Golden State Warriors,,,,,
Wed Feb 17 2021,10:00p,Utah Jazz,,Los Angeles Clippers,,,,,
Thu Feb 18 2021,7:30p,Toronto Raptors,,Milwaukee Bucks,,,,,
Thu Feb 18 2021,10:00p,Brooklyn Nets,,Los Angeles Lakers,,,,,
Thu Feb 18 2021,10:00p,Miami Heat,,Sacramento Kings,,,,,
Fri Feb 19 2021,7:00p,Denver Nuggets,,Charlotte Hornets,,,,,
Fri Feb 19 2021,7:00p,Golden State Warriors,,Orlando Magic,,,,,
Fri Feb 19 2021,7:00p,Chicago Bulls,,Philadelphia 76ers,,,,,
Fri Feb 19 2021,7:30p,Atlanta Hawks,,Boston Celtics,,,,,
Fri Feb 19 2021,8:00p,Detroit Pistons,,Memphis Grizzlies,,,,,
Fri Feb 19 2021,8:00p,Oklahoma City Thunder,,Milwaukee Bucks,,,,,
Fri Feb 19 2021,8:00p,Toronto Raptors,,Minnesota Timberwolves,,,,,
Fri Feb 19 2021,8:00p,Phoenix Suns,,New Orleans Pelicans,,,,,
Fri Feb 19 2021,9:30p,Dallas Mavericks,,Houston Rockets,,,,,
Fri Feb 19 2021,10:00p,Utah Jazz,,Los Angeles Clippers,,,,,
Sat Feb 20 2021,5:00p,San Antonio Spurs,,New York Knicks,,,,,
Sat Feb 20 2021,7:00p,Golden State Warriors,,Charlotte Hornets,,,,,
Sat Feb 20 2021,8:00p,Sacramento Kings,,Chicago Bulls,,,,,
Sat Feb 20 2021,8:00p,Indiana Pacers,,Houston Rockets,,,,,
Sat Feb 20 2021,8:00p,Phoenix Suns,,Memphis Grizzlies,,,,,
Sat Feb 20 2021,8:30p,Miami Heat,,Los Angeles Lakers,,,,,
Sat Feb 20 2021,10:00p,Washington Wizards,,Portland Trail Blazers,,,,,
Sun Feb 21 2021,3:30p,Boston Celtics,,New Orleans Pelicans,,,,,
Sun Feb 21 2021,6:00p,Oklahoma City Thunder,,Cleveland Cavaliers,,,,,
Sun Feb 21 2021,6:00p,Detroit Pistons,,Orlando Magic,,,,,
Sun Feb 21 2021,6:00p,Philadelphia 76ers,,Toronto Raptors,,,,,
Sun Feb 21 2021,7:00p,Minnesota Timberwolves,,New York Knicks,,,,,
Sun Feb 21 2021,7:30p,Denver Nuggets,,Atlanta Hawks,,,,,
Sun Feb 21 2021,8:00p,Brooklyn Nets,,Los Angeles Clippers,,,,,
Sun Feb 21 2021,8:00p,Sacramento Kings,,Milwaukee Bucks,,,,,
Mon Feb 22 2021,7:00p,San Antonio Spurs,,Indiana Pacers,,,,,
Mon Feb 22 2021,8:00p,Chicago Bulls,,Houston Rockets,,,,,
Mon Feb 22 2021,8:00p,Miami Heat,,Oklahoma City Thunder,,,,,
Mon Feb 22 2021,8:30p,Memphis Grizzlies,,Dallas Mavericks,,,,,
Mon Feb 22 2021,9:00p,Portland Trail Blazers,,Phoenix Suns,,,,,
Mon Feb 22 2021,9:00p,Charlotte Hornets,,Utah Jazz,,,,,
Mon Feb 22 2021,10:00p,Washington Wizards,,Los Angeles Lakers,,,,,
Tue Feb 23 2021,7:00p,Atlanta Hawks,,Cleveland Cavaliers,,,,,
Tue Feb 23 2021,7:00p,Detroit Pistons,,Orlando Magic,,,,,
Tue Feb 23 2021,7:30p,Sacramento Kings,,Brooklyn Nets,,,,,
Tue Feb 23 2021,7:30p,Boston Celtics,,Dallas Mavericks,,,,,
Tue Feb 23 2021,7:30p,Golden State Warriors,,New York Knicks,,,,,
Tue Feb 23 2021,7:30p,Philadelphia 76ers,,Toronto Raptors,,,,,
Tue Feb 23 2021,8:00p,Minnesota Timberwolves,,Milwaukee Bucks,,,,,
Tue Feb 23 2021,10:00p,Portland Trail Blazers,,Denver Nuggets,,,,,
Tue Feb 23 2021,10:00p,Washington Wizards,,Los Angeles Clippers,,,,,
Wed Feb 24 2021,7:00p,Golden State Warriors,,Indiana Pacers,,,,,
Wed Feb 24 2021,7:30p,Boston Celtics,,Atlanta Hawks,,,,,
Wed Feb 24 2021,7:30p,Houston Rockets,,Cleveland Cavaliers,,,,,
Wed Feb 24 2021,7:30p,Toronto Raptors,,Miami Heat,,,,,
Wed Feb 24 2021,8:00p,Minnesota Timberwolves,,Chicago Bulls,,,,,
Wed Feb 24 2021,8:00p,Detroit Pistons,,New Orleans Pelicans,,,,,
Wed Feb 24 2021,8:00p,San Antonio Spurs,,Oklahoma City Thunder,,,,,
Wed Feb 24 2021,9:00p,Charlotte Hornets,,Phoenix Suns,,,,,
Wed Feb 24 2021,10:00p,Los Angeles Lakers,,Utah Jazz,,,,,
Thu Feb 25 2021,7:00p,Dallas Mavericks,,Philadelphia 76ers,,,,,
Thu Feb 25 2021,7:30p,Orlando Magic,,Brooklyn Nets,,,,,
Thu Feb 25 2021,7:30p,Sacramento Kings,,New York Knicks,,,,,
Thu Feb 25 2021,8:00p,Los Angeles Clippers,,Memphis Grizzlies,,,,,
Thu Feb 25 2021,9:00p,Washington Wizards,,Denver Nuggets,,,,,
Thu Feb 25 2021,9:30p,New Orleans Pelicans,,Milwaukee Bucks,,,,,
Fri Feb 26 2021,7:00p,Sacramento Kings,,Detroit Pistons,,,,,
Fri Feb 26 2021,7:30p,Indiana Pacers,,Boston Celtics,,,,,
Fri Feb 26 2021,7:30p,Houston Rockets,,Toronto Raptors,,,,,
Fri Feb 26 2021,8:00p,Phoenix Suns,,Chicago Bulls,,,,,
Fri Feb 26 2021,8:00p,Los Angeles Clippers,,Memphis Grizzlies,,,,,
Fri Feb 26 2021,8:00p,Utah Jazz,,Miami Heat,,,,,
Fri Feb 26 2021,8:00p,Atlanta Hawks,,Oklahoma City Thunder,,,,,
Fri Feb 26 2021,10:00p,Charlotte Hornets,,Golden State Warriors,,,,,
Fri Feb 26 2021,10:00p,Portland Trail Blazers,,Los Angeles Lakers,,,,,
Sat Feb 27 2021,3:00p,Cleveland Cavaliers,,Philadelphia 76ers,,,,,
Sat Feb 27 2021,6:00p,New Orleans Pelicans,,San Antonio Spurs,,,,,
Sat Feb 27 2021,7:00p,Indiana Pacers,,New York Knicks,,,,,
Sat Feb 27 2021,7:00p,Utah Jazz,,Orlando Magic,,,,,
Sat Feb 27 2021,7:00p,Minnesota Timberwolves,,Washington Wizards,,,,,
Sat Feb 27 2021,8:00p,Denver Nuggets,,Oklahoma City Thunder,,,,,
Sat Feb 27 2021,8:30p,Dallas Mavericks,,Brooklyn Nets,,,,,
Sun Feb 28 2021,3:30p,Los Angeles Clippers,,Milwaukee Bucks,,,,,
Sun Feb 28 2021,6:00p,New York Knicks,,Detroit Pistons,,,,,
Sun Feb 28 2021,6:00p,Atlanta Hawks,,Miami Heat,,,,,
Sun Feb 28 2021,6:00p,Chicago Bulls,,Toronto Raptors,,,,,
Sun Feb 28 2021,7:00p,Washington Wizards,,Boston Celtics,,,,,
Sun Feb 28 2021,7:00p,Memphis Grizzlies,,Houston Rockets,,,,,
Sun Feb 28 2021,8:00p,Golden State Warriors,,Los Angeles Lakers,,,,,
Sun Feb 28 2021,8:00p,Phoenix Suns,,Minnesota Timberwolves,,,,,
Sun Feb 28 2021,9:00p,Charlotte Hornets,,Sacramento Kings,,,,,
Mon Mar 1 2021,7:00p,Dallas Mavericks,,Orlando Magic,,,,,
Mon Mar 1 2021,7:00p,Indiana Pacers,,Philadelphia 76ers,,,,,
Mon Mar 1 2021,8:00p,Cleveland Cavaliers,,Houston Rockets,,,,,
Mon Mar 1 2021,8:00p,Utah Jazz,,New Orleans Pelicans,,,,,
Mon Mar 1 2021,8:00p,Denver Nuggets,,Chicago Bulls,,,,,
Mon Mar 1 2021,8:30p,Brooklyn Nets,,San Antonio Spurs,,,,,
Mon Mar 1 2021,10:30p,Charlotte Hornets,,Portland Trail Blazers,,,,,
Tue Mar 2 2021,7:00p,Memphis Grizzlies,,Washington Wizards,,,,,
Tue Mar 2 2021,7:30p,Los Angeles Clippers,,Boston Celtics,,,,,
Tue Mar 2 2021,7:30p,Atlanta Hawks,,Miami Heat,,,,,
Tue Mar 2 2021,7:30p,Detroit Pistons,,Toronto Raptors,,,,,
Tue Mar 2 2021,8:00p,Denver Nuggets,,Milwaukee Bucks,,,,,
Tue Mar 2 2021,8:30p,New York Knicks,,San Antonio Spurs,,,,,
Tue Mar 2 2021,10:00p,Phoenix Suns,,Los Angeles Lakers,,,,,
Wed Mar 3 2021,7:00p,Indiana Pacers,,Cleveland Cavaliers,,,,,
Wed Mar 3 2021,7:00p,Atlanta Hawks,,Orlando Magic,,,,,
Wed Mar 3 2021,7:00p,Utah Jazz,,Philadelphia 76ers,,,,,
Wed Mar 3 2021,7:30p,Brooklyn Nets,,Houston Rockets,,,,,
Wed Mar 3 2021,8:00p,Charlotte Hornets,,Minnesota Timberwolves,,,,,
Wed Mar 3 2021,8:00p,Chicago Bulls,,New Orleans Pelicans,,,,,
Wed Mar 3 2021,8:30p,Oklahoma City Thunder,,Dallas Mavericks,,,,,
Wed Mar 3 2021,10:00p,Golden State Warriors,,Portland Trail Blazers,,,,,
Wed Mar 3 2021,10:00p,Los Angeles Lakers,,Sacramento Kings,,,,,
Thu Mar 4 2021,7:00p,Toronto Raptors,,Boston Celtics,,,,,
Thu Mar 4 2021,7:00p,Denver Nuggets,,Indiana Pacers,,,,,
Thu Mar 4 2021,7:00p,Los Angeles Clippers,,Washington Wizards,,,,,
Thu Mar 4 2021,8:00p,Milwaukee Bucks,,Memphis Grizzlies,,,,,
Thu Mar 4 2021,8:30p,Oklahoma City Thunder,,San Antonio Spurs,,,,,
Thu Mar 4 2021,9:30p,Miami Heat,,New Orleans Pelicans,,,,,
Thu Mar 4 2021,10:00p,Sacramento Kings,,Portland Trail Blazers,,,,,